Rk,GA/90,Saves/90,Save%,CS/90,CS%,PKsv/90
84,-0.7223788962916634,-1.237308918269773,-0.5739421676431042,0.5502482573131001,0.5599545390901064,-0.6064636087346355
143,1.4313017469155682,2.1321144776979444,0.689500993343053,-2.1316145198912824,-2.1278272485424057,-0.6064636087346355
639,-0.6078823177054203,0.16967083820217516,1.0592892355828998,-0.15069315036531822,-0.14689716480026208,-0.6064636087346355
753,-1.8336692178640224,-1.2088589599587596,1.30581473040947,1.7137034327179423,1.7205875837496003,0.8995624214062535
773,2.0160521304095944,1.772832147027429,-0.6355735413497469,-1.1354940597867977,-1.1329989245485537,-0.6064636087346355
1140,-0.11307142808541364,0.058958326396457435,0.3505284379565211,0.45964478511024937,0.4639623323889452,0.7774522027461815
1147,0.46711333679875033,0.33902951259231723,-0.4506794202298191,1.2579620457420342,1.2668062429804747,-0.6064636087346355
1273,1.9224920690505505,0.9794170001300411,-1.6216755206560125,-2.1316145198912824,-2.1278272485424057,-0.6064636087346355
1344,-0.29007694957549707,0.11560193708775433,0.5354225590764489,0.2240757573828374,0.22834509775882245,3.545283825707816
1447,-0.6357908587358171,-0.7234315462770892,0.3505284379565211,0.04739898658727827,0.05381381284762037,-0.6064636087346355
1484,-0.23185144908533817,-0.4269842284815159,-0.32741667281653836,-0.0672859348063303,-0.059631522344661035,-0.6064636087346355
1661,-0.5724429005239641,0.48873048370503147,0.7819480539030147,0.08198650256312832,0.05381381284762037,1.0190882968142605
2103,1.3085041663818222,-0.8544198960007147,-2.422883378842355,-0.4973543900323619,-0.487233170377106,-0.6064636087346355
2109,0.026669773090968546,0.17969865444895922,0.3813441248098446,0.39145375076810374,0.3941498184244643,-0.6064636087346355
2117,-0.3180251898107732,-0.37183123912420024,-0.17333823854993413,0.39145375076810374,0.3941498184244643,0.7410333656019493
2139,0.016380371213304264,1.1280007998165413,0.936026488169619,0.1449667555340793,0.13235289105766118,-0.6064636087346355
2179,0.34366603361667847,-1.3409480521170376,-1.5292284600960486,-1.3533954104346535,-1.333709902196436,-0.6064636087346355
2195,-2.325640446711461,-2.4900041547119294,0.5046068722231254,2.344197006929545,2.3576267736754875,-0.6064636087346355
2254,-0.32294940356651275,0.6351047665707974,0.8435794276096573,0.35868663036992965,0.3679701256877842,0.856533106259371
2300,0.6411260113071178,0.09097428026545157,-0.7588362887630276,-0.6157790371235881,-0.6094050698149476,-0.6064636087346355
2339,0.1204920706855259,0.18263579589402423,-0.17333823854993413,0.18922826807404874,0.11489976256654104,-0.6064636087346355
2410,-0.3122026397617577,0.7528425573648506,1.30581473040947,-0.07038552727642772,-0.09453777932690133,1.1234311556163854
2705,-0.6627201527125157,-0.1512192816949357,1.0901049224362231,0.1620839079808866,0.16725914803990177,0.7410333656019493
2712,0.6549041409602726,-0.22060530056381783,-1.4675970863894083,-0.16347328823322765,-0.155623729045822,-0.6064636087346355
41,1.2322438834106721,-0.08928931981055374,-1.3361049561041827,-0.14240063558704782,-0.14259552811982226,1.592641558449887
240,-0.9346895712483904,-0.5963913221664974,0.7091805008273387,0.8027915005761652,0.807771258724217,0.4220790020325647
601,-1.733516734618468,-1.7637011237435434,0.8881429783088476,1.5745713698223367,1.5717916167753077,-0.8948038739369231
719,-0.32868275765729643,-0.7789480430146363,-0.18563188658020185,0.11676495013512352,0.11828947219030625,-0.8948038739369231
734,-0.07325839820981095,-0.04106143706900917,0.22342520480610462,-0.5193687602738422,-0.51528838570572,-0.8948038739369231
738,0.4559992835282226,1.5954279354177157,0.5302180233458299,0.30588578295941077,0.3046359009832551,-0.8948038739369231
832,0.8159967791258804,2.6295575697440037,0.6836144326156962,0.37593053585729486,0.37917447250043473,1.592641558449887
961,-2.3891059238670147,-1.0972520691088283,2.3965410027958463,2.449255221634665,2.447619832102167,-0.8948038739369231
974,0.09208877167406913,0.9717241005034204,0.4535198187108986,-0.5931233933647369,-0.6177789215418417,-0.8948038739369231
1152,-0.1875578832593704,0.4048813143082833,0.8370108418855589,-0.4264177158305231,-0.45006713562818795,-0.8948038739369231
1285,-0.9976513181149972,-0.8471560486062486,0.7603126372506276,0.4499778460636293,0.45371304401761436,0.704268189740312
1967,-1.1403646110126395,-1.0176760625852805,0.27455734122938974,1.2052604101682425,1.2084160806290574,-0.8948038739369231
2087,1.5444292116242655,1.2203991208895075,-0.7992175236596561,0.11676495013512352,0.11828947219030625,-0.8948038739369231
2169,-0.2793903374130451,-0.012505453866779268,0.30012340944103594,0.23952759600352028,0.2394146509057231,1.4617233777979497
2207,1.06349505734927,-0.5982890011773918,-1.719595979278843,-1.459241990067269,-1.456337851110112,-0.8948038739369231
2260,0.6646341957495924,0.1759640352679398,-0.5179907733315734,-1.084820947304034,-1.083644993524214,0.46198454372860986
2296,0.8159967791258804,1.236977455581914,-0.28789615942677577,0.11676495013512352,0.11828947219030625,0.348918842256482
2441,0.4559992835282226,-0.7273311739182814,-1.5150674335856915,-0.7027586587701206,-0.7016348144986689,1.525413303520514
2449,0.509288386494981,-0.8920297364954676,-1.412803160739114,-0.9880988626804487,-0.9811544576880922,-0.8948038739369231
2478,-1.2652387422980773,0.23878719831284578,1.143803660425288,0.7305781794771079,0.7332326872070377,1.4617233777979497
2570,0.9824956208397972,0.1759640352679398,-0.7225193190247248,-2.2157253213644177,-2.2110408877215546,-0.8948038739369231
2672,-0.19488904556575593,0.43174405623648715,0.4790858869225448,0.4499778460636293,0.45371304401761436,0.704268189740312
2725,0.891678070814024,-0.6197960299675408,-1.1827085468343164,-0.8020948537889381,-0.7948080288951433,0.46198454372860986
171,0.23112477783168323,-0.11930898335741719,-0.6465492271777199,-0.4400585056683114,-0.43873813823733177,0.3160646114434351
186,0.41415870098228064,0.21801241846652666,-0.18383809351077207,-0.6085554271753162,-0.598411240656212,-0.6725625878947689
243,-0.7415697851972063,0.6003100072003303,0.9643710159590606,-0.32335068124787547,-0.3269669665441158,-0.6725625878947689
245,-0.13494306846951218,-0.22725183194107978,0.05608619802023617,-0.19497207438539568,-0.19922848460901155,-0.6725625878947689
325,-1.7669659327560048,1.78803067122768,2.5238789109106228,0.5164924203096707,0.5512350967597249,-0.6725625878947689
623,0.5239790548726393,0.15054813810173806,-0.3209376886713486,-0.6851449369512274,-0.6702641367447081,0.3160646114434351
892,0.049172067729232494,0.6003100072003303,0.7758590726132658,-0.15257315589341433,-0.1832611743671236,-0.6725625878947689
1046,1.1096876089545509,0.9601195024792037,-0.3209376886713486,-1.420404230799975,-1.3728257873877807,2.2933190101198435
1092,-0.3700144388297414,-1.2374613610626173,-0.5779994295974317,1.4524923224446085,1.2777477127656296,-0.6725625878947689
1156,0.055855930208686476,0.3222753972121091,0.24459814136603097,-0.3954973363441449,-0.39083620751166787,1.3646086107415303
1371,-1.452787315153814,-0.7669660748593903,1.3585323520457189,1.7657193758779313,1.67693046881283,-0.6725625878947689
1902,-1.5369652353660692,-2.768341209468547,-0.9036109681038017,0.9073248701768976,0.6949408889367171,-0.6725625878947689
1922,-0.06172949920927287,1.8236622911485012,1.1357455099097817,1.2755465133120996,1.2058948166771337,-0.6725625878947689
1945,-0.35458377625022897,0.2584909866853998,0.947233566563987,0.7853736507462681,0.742842819662381,0.3160646114434351
2174,1.4379678066052999,0.4029951226925602,-0.9550233162890176,-1.6417726203458345,-1.5883844756532688,-0.6725625878947689
2298,0.6456685027556982,-0.8192796738316774,-0.9721607656840899,-0.4885739084478649,-0.510591034325828,-0.6725625878947689
2360,2.6959816095930624,0.14155290071976623,-2.206057122129283,-0.5217539827626169,-0.6143785508981,-0.6725625878947689
2399,0.6704061933931174,-0.5510803776920659,-1.1092603608446676,-1.175317799517059,-1.1412997888804044,1.304691810781639
2660,-0.9063640909188596,-0.742393719084248,0.3988351859216786,2.1542710352288954,2.5072306013910066,-0.6725625878947689
2679,-0.7506879586581884,-0.8112503204321746,-0.23525044169598797,-0.4861431337727914,-0.39083620751166787,2.200371153771807
2684,0.4507654856124,1.1220337753546972,0.12463599560052563,-0.6851449369512274,-0.6702641367447081,1.304691810781639
2823,-0.2081566377297509,-0.34500766675961997,-0.09815084653541147,0.3620425421666858,0.43946392506650894,-0.6725625878947689
533,-2.0471950913836494,-1.7729366052662126,0.7653314372375828,2.1707654188363543,2.1852591702428095,0.6331331603650181
591,0.8525939429019841,0.6043035149071629,-0.4295227453884384,-0.3882340105090413,-0.34106945612905687,0.0439380698533846
704,0.02535234931903279,-0.17285052559937217,0.03904752230804106,-0.46598062063616147,-0.4950034584527906,0.9294850657162659
731,1.1557056369700907,1.3474235681225482,0.08590454907768967,-0.8719799779873377,-0.866256052292384,-0.03935770177819776
890,2.503870494740239,1.3695107810084368,-1.0152355800090376,-0.8852303165666714,-0.866256052292384,-0.049054346949049935
1054,-0.3525003023847228,-0.2822065412397321,-0.14838058477055005,0.8159303937290217,0.8270179732686878,2.106944551728694
1181,1.0122501886568227,0.02127049443232486,-1.0620926067786862,-1.4795080018497864,-1.536321709466284,-1.309618219159828
1374,-0.5365823634711681,2.4426747969329634,2.2178992670966697,0.45193096989693254,0.41049067286329033,0.9294850657162659
1377,0.3906099126326631,-0.26003470301711673,-0.7106649060063267,-0.10051582070168873,0.05734796165001876,-1.309618219159828
1485,-0.3319804936860186,1.3085619395895014,1.2104731915492395,0.3678731319360266,0.2022270226605919,-0.09984629784398968
1523,0.5978233379740496,0.5035079757742242,-0.07809504461607879,-0.6333082543270901,-0.6217726368370422,-1.309618219159828
1857,0.016288886209513517,-0.6748626439563846,-0.6403793658518554,-0.8607813047364172,-0.8481461696660625,-1.309618219159828
1929,1.2194636139982094,-1.2245096657009156,-2.819231110640484,-1.8555967785265406,-1.8532446554269124,1.442612901833704
2031,-1.0039693309347641,-1.1173457809582708,-0.19523761154019864,1.1172954561563713,1.0715013887240301,-0.2611492206861016
2088,0.13944212434007355,0.8505728297702878,0.5310463033893431,-0.4196214493971163,-0.41350898663434343,-0.3088069024349072
2209,-0.15540053752505606,-0.5385972046033376,-0.19523761154019864,0.07060271270217523,0.05734796165001876,-1.309618219159828
2231,-1.0661632594643577,-0.9614710395144243,0.22647562938663215,0.40093588153398285,0.41049067286329033,0.6920044142900136
2292,-0.6954742477773633,-0.3487220559075809,0.8356169773920574,-0.11780725870981548,-0.1056409819868756,-1.309618219159828
2310,-1.4881251437959082,-0.26003470301711673,1.1167591380099424,2.2061620095824015,2.221478935495453,0.8921666776349976
2329,-0.02381693805011002,-0.3404076165740997,-0.3123801784643185,0.21289149319560607,0.2293918466000744,0.754555121585321
2629,-0.21219277926955254,-0.4938468151828859,0.5779033301589918,0.26417632637879973,0.27466655316587846,0.19159875592755315
173,0.9227943385411074,1.590781111173359,0.1564882188642326,-0.02145817709550616,0.0026061716598330662,1.059094245300362
314,0.28478154751119567,0.24396550446967752,0.722108287048209,-0.029861709105773522,-0.09568373093957885,-0.836454071861298
414,-1.581008212849683,-0.9626803644565679,1.4461019743236994,1.5415987768141814,1.575244613250427,0.011554385816286695
461,0.6543341087420942,0.7736734389717822,-0.2960078356829485,-1.022363068634166,-1.0070991914068548,-0.836454071861298
480,-0.9340679238304411,0.4773536007033152,1.1972291443227479,0.2249697210434086,0.2438632053129358,0.9054011385034708
585,-0.5345611946535322,-0.34984961030538514,0.722108287048209,0.7600702998593374,0.7889253924551304,-0.836454071861298
684,-1.2826468436541705,-1.394876904389823,-0.0018854002272814215,1.3164126054882097,1.4233420365058806,-0.836454071861298
860,0.37491631854312263,0.12874202626982362,-0.47700625750182024,-0.5561881876435575,-0.5424560154823612,0.8595628434938715
977,0.40512364721328153,0.8340100576237327,0.26961223250102784,-0.4931915821042858,-0.4799078956463717,0.03447353332108638
1466,0.5521080879375928,0.10454197326036907,-0.6353798765933343,-1.158804497216783,-1.1947435509148234,-0.836454071861298
1592,-0.8974779901953669,0.23067317850855298,1.310353157959543,0.5009843566794073,0.48512023896603784,0.9244378074692058
1735,-0.3855785844449058,-1.5971435890906753,-0.9295023120490014,0.36333107302599144,0.3600239992940589,-0.836454071861298
1757,-1.136009509940209,-1.59842471999753,0.1564882188642326,0.7214763009973698,0.7442481640008521,2.7440260827773932
1795,1.178575105591595,-0.5431205882812276,-2.219116067508468,-1.6217307727649486,-1.6147094983850387,1.925630618859978
1846,0.47387678590525834,1.7224667672737022,0.8352323006850042,-1.2263145790675574,-1.2126144422965346,0.17055597163083389
1983,0.218083881890778,-0.04651292806737254,-0.13763421659143446,0.15669092589878228,0.08302518287753376,0.27091092441870945
2045,1.2099579904021196,0.10137093183154407,-1.4046231693235434,-0.13823829434163232,-0.12249006801214586,-0.836454071861298
2153,-0.7427548422527664,0.8453324848275557,1.5366011852331336,1.0495252913240944,1.0748596545625106,0.35703931301826564
2194,2.0148530422058015,0.7849346292832367,-1.3593735638688247,-1.8002745264835252,-1.7755475208204405,-0.836454071861298
2413,1.6639637239943805,0.9542542345283304,-1.0426263256857966,-1.4698909543851504,-1.4628069216404929,-0.836454071861298
2455,-0.6827668420970551,-1.7143996381926183,-1.020001522958439,1.1162471198651234,0.8693444036728311,-0.836454071861298
2476,-1.054728909931862,-1.5619222241894608,-0.0923846111367157,1.1512304494193102,1.1731495571619228,-0.836454071861298
2531,0.6729619614220257,0.8976987106452359,-0.16025901931879544,-0.6727319078912095,-0.6586168094634847,0.7747619977261131
2534,-1.3947296860503684,0.07913191760044246,1.4234771715963384,1.308511336318877,1.34292302528818,-0.836454071861298
